Model_A,Model_B,Difference_A_minus_B,CI_Lower,CI_Upper,A_only_correct,B_only_correct,McNemar_exact_p,Holm_adjusted_p
Baseline,System prompt,-0.0208078335373317,-0.059975520195838405,0.019583843329253336,130,147,0.33638953212233275,0.5479478015040691
Baseline,LoRA,-0.15422276621787026,-0.200734394124847,-0.10771113831089357,131,257,1.5380235259295653e-10,1.5380235259295652e-09
Baseline,Base + RAG,-0.07833537331701346,-0.12239902080783349,-0.03427172582619342,131,195,0.00046639267320067206,0.0032647487124047043
Baseline,Instruct + RAG,-0.05018359853121175,-0.09302325581395354,-0.004895960832313362,149,190,0.029667833758313816,0.11867133503325526
System prompt,LoRA,-0.13341493268053856,-0.1762545899632803,-0.0905752753977968,117,226,4.1032256856037035e-09,3.692903117043333e-08
System prompt,Base + RAG,-0.05752753977968176,-0.10159118727050176,-0.014687882496940084,141,188,0.011098736814243938,0.055493684071219684
System prompt,Instruct + RAG,-0.02937576499388005,-0.07099143206854347,0.01223990208078335,137,161,0.18264926716802304,0.5479478015040691
LoRA,Base + RAG,0.07588739290085679,0.02937576499388006,0.12239902080783349,220,158,0.001668399644158146,0.010010397864948875
LoRA,Instruct + RAG,0.10403916768665851,0.05875152998776012,0.1481028151774786,220,135,7.519652206402483e-06,6.015721765121986e-05
Base + RAG,Instruct + RAG,0.028151774785801713,-0.01591187270501837,0.07221542227662181,179,156,0.22931685161522883,0.5479478015040691
